,Rel,Year,ID,Status,Group,Album,Comments
,69,73,245,NEXT,Al Kooper,Kooper Session,
,69,73,243,NEXT,Al Kooper,Super Session Live,2
,68,73,246,NEXT,Al Kooper,Super Session,
,70,82,501,STEVE,Albert King,Blues for Elvis,
,72,73,253,STEVE,Albert King,Ill Play the Blues for You,
,69,73,252,STEVE,Albert King,Years Gone By,
,65,75,310,BLUES,Alec Seward,Creeping Blues,
,75,79,413,JAZZ,Alice Coltrane,Eternity,
,74,77,375,JAZZ,Alice Coltrane,Illuminations,
,69,72,108,CD,Allman Brothers,Allman Brothers Band,
,73,73,192,SOLD,Allman Brothers,Bothers and Sisters,
,68,72,125,NEXT,Allman Brothers,Duane and Gregg ,
,72,72,110,CD,Allman Brothers,Eat a Peach,2
,71,71,080,CD,Allman Brothers,Fillmore East,2
,70,72,109,CD,Allman Brothers,Idlewild South,
,33,74,297,BLUES,Andrew Odom,Andrew Odom,
,80,73,236,BLUES,BB King,Back in the Alley,
,71,71,084,STEVE,BB King,Cook County Jail,
,72,74,264,BLUES,BB King,Guess Who,
,71,73,177,STEVE,BB King,In London,
,70,73,222,BLUES,BB King,Indianola Mississippi Seeds,
,72,73,223,BLUES,BB King,LA Midnight,
,69,75,322,BLUES,BB King,Live and Well,
,65,74,265,BLUES,BB King,Live at the Regal,
,33,73,221,BLUES,BB King,Underground Gold,Collection
,68,77,379,CC,Band,Music from Big Pink,
,75,76,353,LITZ,Band,Northern Lights Southern Cross,
,72,73,190,CC,Band,Rock of Ages,2
,70,71,078,LITZ,Band,Stage Fright,
,69,71,094,CC,Band,The Band,
,33,77,368,BLUES,Barry Goldberg,And Friend,
,33,74,283,BLUES,Barry Goldberg,Two Jews Blues,
,33,74,287,BLUES,Big Bill Broonzy,Feeling Lowdown,
,33,74,289,BLUES,Big Joe Williams,Plums Look Mellow,
,33,80,446,BLUES,Bill Broonzy,Do That Guitar Rag,
,33,82,498,FOLK,Bill Monroe,Greatest Hits,
,33,80,434,FOLK,Bill Monroe,With Flatt and Scruggs,
,33,74,290,SOLD,Bill Wyman,Monkey Grip,
,69,70,044,CD,Blind Faith,Blind Faith,
,75,76,361,STEVE,Bob Dylan,Blood on the Tracks,
,65,72,150,CD,Bob Dylan,Bring it All Back Home,
,67,70,067,CD,Bob Dylan,Greatest Hits V1,
,71,72,151,CD,Bob Dylan,Greatest Hits V2,2
,65,73,167,CD,Bob Dylan,Highway 61,
,69,77,390,LITZ,Bob Dylan,Nashville Skyline,
,74,80,444,STEVE,Bob Dylan,Planet Waves,
,72,73,210,CD,Bob Weir,Ace,
,81,81,470,LP,Bob Weir,Bobby and the Midnights,
,78,81,469,CC,Bob Weir,Heaven Help The Fool,
,76,76,355,LP,Bob Weir,Kingfish,
,72,77,396,LITZ,Bonnie Raitt,Give It Up,
,68,72,157,KEEP,Brewer and Shipley,Down in LA,
,72,74,276,KEEP,Brewer and Shipley,Rural Space,
,71,72,160,KEEP,Brewer and Shipley,Shake Off the Demon,
,70,72,159,KEEP,Brewer and Shipley,Tarkio,
,69,72,158,KEEP,Brewer and Shipley,Weeds,
,33,73,238,BLUES,Buddy Guy,Hold that Plane,
,33,75,317,BLUES,Buddy Guy,Left My Blues in SF,
,33,74,275,BLUES,Buddy Guy,With Junior Wells,
,67,70,064,LITZ,Buffalo Springfield,Again,
,66,70,063,LITZ,Buffalo Springfield,Buffalo Springfield,
,68,70,065,LITZ,Buffalo Springfield,Last Time Around,
,67,72,161,CC,Byrds,Greatest Hits V1,
,70,70,068,CD,Byrds,Untitled,2
,69,69,013,LITZ,CSN,Crosby Stills and Nash,
,33,73,173,LITZ,CSNY,Crosby and Nash,
,70,69,032,KEEP,CSNY,Deja Vu,
,71,71,073,SOLD,CSNY,Four Way Street,2
,33,69,037,SOLD,CSNY,Live at Felt Forum,2
,70,72,101,SOLD,CSNY,Wooden Nickel,
,33,75,305,LITZ,Charlie Daniels,Charlie Daniels,
,33,74,293,JAZZ,Chick Corea,Circle Paris Concert,2
,33,73,219,SOLD,Chuck Berry,Berrys Greatest Hits,
,33,74,261,SOLD,Chuck Berry,StL to SFO to Memphis,2
,33,73,220,SOLD,Chuck Berry,Sweet Little Rock and Roller,
,74,81,461,CC,Clapton,461 Ocean Boulevard,
,70,71,090,SOLD,Clapton,Eric Clapton,
,64,73,185,SOLD,Clapton,Five Live Yardbirds,
,33,72,123,LP,Clapton,Guitar Boogie,
,72,72,121,SOLD,Clapton,History of,2
,73,73,186,SOLD,Clapton,In Concert,2
,70,71,076,KEEP,Clapton,Layla,2
,73,73,184,SOLD,Clapton,Rainbow Concert,
,83,83,505,SOLD,Clapton,Timepieces,
,66,72,124,BLUES,Clapton,With Sonny Boy ,
,33,75,321,BLUES,Cleanhead Vinson,Cant Make Love Alone,
,69,69,002,CC,Cream,Best Of,
,67,69,027,CC,Cream,Disraeli Gears,
,66,69,026,CC,Cream,Fresh Cream,
,69,69,030,SOLD,Cream,Goodbye,
,70,70,053,SOLD,Cream,Live Cream Vol 1,
,72,72,114,GONE,Cream,Live Cream Vol 2,
,68,69,028,SOLD,Cream,Wheels of Fire,2
,75,76,362,CD,Danny Gatton,American Music,
,78,79,412,CD,Danny Gatton,Redneck Jazz,
,87,87,526,CD,Danny Gatton,Unfinished Business,
,33,72,130,SOLD,Dave Mason,Alone Together,
,33,72,131,SOLD,Dave Mason,Headkeeper,
,72,77,366,FOLK,David Bromberg,David Bromberg,
,72,77,367,FOLK,David Bromberg,Demon in Disguise,
,76,77,385,LP,David Bromberg,How Late You Play Til,2
,75,79,407,FOLK,David Bromberg,Midnight on the Water,
,74,74,272,FOLK,David Bromberg,Wanted Dead or Alive,
,71,72,106,KEEP,David Crosby,Remember My Name,
,33,82,497,JAZZ,David Grisman,Mandolin Abstractions,
,33,82,478,SOLD,David La Flamme,White Bird,Bad Album
,33,74,278,SOLD,Dead Bootleg,
,70,73,205,CD,Dead,American Beauty,
,68,73,202,CC,Dead,Anthem Extended,
,68,73,202,CD,Dead,Anthem of the Sun,
,69,73,203,CD,Dead,Aoxomoxoa,
,73,73,208,SOLD,Dead,Bears Choice,
,75,75,333,CC,Dead,Blues For Allah,
,81,81,454,CD,Dead,Dead Set,2
,72,73,198,CD,Dead,Europe 72,3
,80,80,445,SOLD,Dead,Go To Heaven,
,33,77,398,SOLD,Dead,Grandin Street BootLeg,
,71,73,207,NEXT,Dead,Historic Dead,
,87,87,520,SOLD,Dead,In the Dark,
,69,73,196,CD,Dead,Live Dead,2
,74,74,271,CD,Dead,Mars Hotel,
,33,74,279,SOLD,Dead,Nights of the Living Bootleg,
,81,81,451,CD,Dead,Reckoning,2
,78,78,401,SOLD,Dead,Shakedown Street,
,71,73,194,SOLD,Dead,Skull and Roses,2
,76,76,356,SOLD,Dead,Steal Your Face,2
,77,77,400,CC,Dead,Terrapin Station,
,33,74,280,SOLD,Dead,The Cowboys Dead Bootleg,
,67,73,201,SOLD,Dead,The Grateful Dead,
,70,73,206,NEXT,Dead,Vintage,
,73,73,209,CC,Dead,Wake of the Flood,
,70,73,204,SOLD,Dead,Workingmans Dead,
,70,74,269,KEEP,Dead,Zabriskie Point,
,33,75,313,LP,Dickey Betts,Highway Call,
,33,73,178,LP,Dirt Band,With the Circle Be Unbroken,3
,33,77,377,JAZZ,Django Reinhart,Parisian Swing,
,33,81,458,JAZZ,Django Reinhart,The Indispensible,2
,33,74,268,FOLK,Doc Watson,Ballads from Deep Gap,
,33,83,510,FOLK,Doc Watson,Lonesome Road,
,33,73,226,FOLK,Doc Watson,On Stage,2
,33,73,228,FOLK,Doc Watson,The Essential,2
,33,81,464,SOLD,Donovan,Barabajagal,
,33,81,465,SOLD,Donovan,Hurdy Gurdy Man,
,33,81,466,SOLD,Donovan,Sunshine Superman,
,70,70,051,SOLD,Doors,Absolutely Live,2
,83,83,509,LITZ,Doors,Alive She Cried,
,78,83,508,LITZ,Doors,American Prayer,
,71,71,072,CC,Doors,LA Woman,
,70,69,021,CD,Doors,Morrison Hotel,
,69,69,003,CD,Doors,Soft Parade,
,67,69,011,CD,Doors,Strange Days,
,67,69,006,CC,Doors,The Doors,
,68,69,010,CD,Doors,Waiting For the Sun,
,33,82,500,LITZ,Elvis,Greatest Hits,
,71,72,100,BLUES,Fleetwood Mac,Black Magic Woman,2
,69,72,104,BLUES,Fleetwood Mac,In Chicago,2
,71,79,411,BLUES,Fleetwood Mac,Original Fleetwood Mac,
,71,73,250,STEVE,Freddie King,Getting Ready,
,86,87,528,STEVE,Freddie King,Just Picking,2
,61,87,527,STEVE,Freddie King,Sings,
,73,73,251,STEVE,Freddie King,Woman Across the River,
,78,77,399,SOLD,Garcia,Cats Down Under the Stars,
,74,74,270,SOLD,Garcia,Compliments Of,
,73,73,213,KEEP,Garcia,Fire Up,
,72,73,193,CD,Garcia,Garcia,
,72,76,346,LP,Garcia,Heavy Turbulence,
,71,73,212,KEEP,Garcia,Hooteroll,
,73,87,521,LP,Garcia,Keystone Encores Vol 1,
,73,87,522,LP,Garcia,Keystone Encores Vol 2,
,73,73,214,KEEP,Garcia,Live at Keystone,2
,76,76,345,SOLD,Garcia,Reflections,
,82,82,471,LP,Garcia,Run For the Roses,
,72,82,480,LP,Genesis,Foxtrot,
,71,82,479,LP,Genesis,Nursery Cryme,
,73,76,365,LP,Genesis,Selling England By the Pound,
,70,72,147,SOLD,George Harrison,All Things Must Pass,3
,71,73,168,LP,George Harrison,Concert for Bangladesh,3
,33,80,450,FOLK,Good Old Boys,Pistol Packing Mama,
,33,72,115,LITZ,Graham Nash,Songs for Beginners,
,33,71,089,STEVE,Grin,Grin,
,69,69,008,MISS,Guess Who,Canned Wheat,
,69,69,007,MISS,Guess Who,Wheatfield Soul,
,33,80,443,JAZZ,Happy The Man,Happy The Man,
,33,73,247,STEVE,Harvey Mandel,Get Off in Chicago,
,67,69,031,CD,Hendrix,Are You Experienced,
,67,69,016,SOLD,Hendrix,Axis Bold as Love,
,70,87,523,SOLD,Hendrix,Band of Gypsys 2,
,70,70,054,SOLD,Hendrix,Band of Gypsys,
,33,71,075,KEEP,Hendrix,Cry of Love,
,68,69,033,CD,Hendrix,Electric Ladyland,2
,71,72,112,SOLD,Hendrix,Rainbow Bridge,
,69,69,012,GONE,Hendrix,Smash Hits,
,82,87,524,STEVE,Hendrix,The Jimi Hendrix Concerts,2
,33,73,218,SOLD,Hendrix,With Little Richard,
,33,75,338,SOLD,Hot Tuna,Burgers,
,33,73,254,SOLD,Hot Tuna,Hot Tuna,
,33,73,241,BLUES,Howling Wolf,Chester Burnett AKA,2
,33,72,132,BLUES,Howling Wolf,London Sessions,
,69,69,005,STEVE,Iron Butterfly,Ball,
,68,69,004,STEVE,Iron Butterfly,Heavy,
,68,69,001,VCR,Iron Butterfly,Inna Gadda da Vida,
,33,77,397,SOLD,Jeff Beck,Blow By Blow,
,33,77,369,SOLD,Jefferson Airplane,Volunteers,
,71,71,079,CC,Jethro Tull,Aqualung,
,33,81,468,LP,Jimmy Cliff,The Harder They Come,
,33,75,308,BLUES,Jimmy Reed,Soul Greats,
,33,75,341,BLUES,Jimmy Witherspoon,Best Of,
,33,80,449,LP,Joan Armatrading,Show Some Emotion,
,33,70,047,MISS,Joan Baez,One Day at a Time,
,33,75,337,FOLK,John Fahey,After the Ball,
,33,79,408,FOLK,John Fahey,America,
,33,83,514,FOLK,John Fahey,Live in Tasmania,
,33,75,301,FOLK,John Fahey,The Essential,2
,33,73,234,BLUES,John Hammond,Best Of,2
,33,73,225,BLUES,John Hammond,John Hammond,
,67,72,155,BLUES,John Mayall,A Hard Road,2
,71,71,087,BLUES,John Mayall,Back to the Roots,2
,68,71,096,BLUES,John Mayall,Bare Wires,
,68,71,095,STEVE,John Mayall,Diary of a Band Vol 1,
,68,72,129,STEVE,John Mayall,Diary of a Band Vol 2,
,70,73,166,BLUES,John Mayall,Empty Rooms,
,33,72,098,SOLD,John Mayall,Jamming With Edward,
,72,74,277,BLUES,John Mayall,Jazz Blues Fusion,
,69,72,162,BLUES,John Mayall,Looking Back,
,33,77,382,BLUES,John Mayall,Mayall Clapton Taylor,
,71,73,249,BLUES,John Mayall,Memories,
,72,74,255,BLUES,John Mayall,Moving On,
,33,72,163,STEVE,John Mayall,Raw Blues,
,67,74,295,BLUES,John Mayall,The Blues Alone,
,71,72,119,BLUES,John Mayall,Thru the Years,2
,69,74,296,BLUES,John Mayall,Turning Point,
,70,73,248,BLUES,John Mayall,USA Union,
,66,72,118,BLUES,John Mayall,With Eric Clapton,
,33,75,328,JAZZ,John McLaughlin,Birds of Fire,
,33,82,488,FOLK,John Starling,Long Time Gone,
,33,77,373,KEEP,Joni Mitchell,Blue,
,33,77,371,KEEP,Joni Mitchell,Clouds,
,33,76,352,KEEP,Joni Mitchell,Court and Spark,
,33,79,403,KEEP,Joni Mitchell,Don Juans Reckless Daughter,2
,33,76,351,KEEP,Joni Mitchell,For the Roses,
,33,77,381,KEEP,Joni Mitchell,Hejira,
,33,78,402,KEEP,Joni Mitchell,Hissing of Summer Lawns,
,33,77,372,KEEP,Joni Mitchell,Ladies of the Canyon,
,33,79,405,KEEP,Joni Mitchell,Miles of Aisles,2
,33,77,370,KEEP,Joni Mitchell,Song to a Seagull,
,33,75,304,LP,Keith and Donna,Keith and Donna,
,33,70,046,KEEP,King Crimson,Crimson King,
,33,70,057,KEEP,King Crimson,Wake of Poseidon,
,33,75,315,JAZZ,Larry Coryell,Barefoot Boy,
,33,75,312,JAZZ,Larry Coryell,Restful Mind,
,33,75,311,JAZZ,Larry Coryell,Spaces,
,33,79,417,JAZZ,Larry Coryell,The Essential,2
,33,73,188,LP,Leo Kottke,6 and 12 String Guitar,
,33,74,299,FOLK,Leo Kottke,Dreams and All That Stuff,
,33,73,189,LP,Leo Kottke,Greenhouse,
,33,74,273,FOLK,Leo Kottke,Ice Water,
,33,83,513,FOLK,Leo Kottke,Kottke Lang Fahey,
,33,83,512,FOLK,Leo Kottke,Mudlark,
,33,73,217,FOLK,Leo Kottke,My Feet are Smiling,
,33,79,410,JAZZ,Les Paul,Chester and Lester,
,33,73,240,BLUES,Lightning Hopkins,Got to Move Your Body,
,33,74,256,BLUES,Lightning Hopkins,Lightning Strikes,
,33,73,239,BLUES,Lightning Hopkins,The Blues Of,
,33,74,292,STEVE,Link Wray,Link Wray,
,33,76,343,SOLD,Little Feat,Dixie Chicken,
,33,77,395,SOLD,Little Feat,Feats Dont Fail Me Now,
,33,77,393,SOLD,Little Feat,Last Record Album,
,33,77,394,SOLD,Little Feat,Sailing Shoes,
,33,77,387,SOLD,Little Feat,Time Loves a Hero,
,33,79,414,CD,Little Feat,Waiting For Columbus,2
,33,75,309,BLUES,Louisiana Red,Sings the Blues,
,33,83,515,LP,Mark Knopfler,Cal,
,33,83,516,LP,Mark Knopfler,Local Hero,
,33,79,421,SOLD,Marshall Tucker,Greatest Hits,
,33,74,284,STEVE,Memphis Slim,Bad Luck and Troubles,2
,33,75,323,STEVE,Memphis Slim,Blue Memphis,
,33,74,286,STEVE,Memphis Slim,South Side Reunion,
,33,80,428,FOLK,Merle Travis,Best Of,
,33,80,429,FOLK,Merle Travis,Guitar Player,
,33,79,425,FOLK,Merle Travis,Guitar,
,33,80,430,FOLK,Merle Travis,Merle Travis Story,2
,33,79,426,FOLK,Merle Travis,With Joe Maphis,
,33,82,482,SOLD,Michael Jackson,Thriller,
,33,79,419,KEEP,Mick Taylor,Mick Taylor,
,33,73,211,NEXT,Mickey Hart,Rolling Thunder,
,33,77,378,FOLK,Mike Auldridge,Blues and Blue Grass,
,33,82,496,FOLK,Mike Auldridge,Eight String Swing,
,33,74,259,BLUES,Mississippi John Hurt,Best Of,2
,33,70,042,KEEP,Moody Blues,Childrens Children,
,33,70,043,KEEP,Moody Blues,Days of Future Passed,
,33,72,116,KEEP,Moody Blues,EGBDF,
,33,70,041,KEEP,Moody Blues,Lost Chord,
,33,70,055,KEEP,Moody Blues,Question of Balance,
,33,70,040,KEEP,Moody Blues,Threshold of a Dream,
,33,81,456,JAZZ,Mose Allison,Mose Allison,2
,33,72,146,GONE,Mountain,Climbing,
,33,75,306,BLUES,Muddy Waters,Fathers and Sons,2
,33,80,432,FOLK,Muleskinner,Muleskinner,
,33,76,354,SOLD,NRPS,New Riders of the Purple Sage,
,69,69,017,KEEP,NYRRE,Faithful Friends,
,68,70,039,KEEP,NYRRE,NY Rock and Roll Ensemble,
,70,70,062,KEEP,NYRRE,Reflections,
,71,70,061,KEEP,NYRRE,Roll Over,
,70,70,060,SOLD,Neil Young,After the Goldrush,
,33,72,133,LP,Neil Young,Bootleg,2
,69,70,059,SOLD,Neil Young,Crazy Horse,
,72,72,107,SOLD,Neil Young,Harvest,
,69,70,058,SOLD,Neil Young,Neil Young,
,33,75,303,KEEP,Old and In The Way,Old and In The Way,
,33,72,154,BLUES,Otis Spann,Biggest Thing Since Colossus,
,33,74,257,BLUES,Otis Spann,Otis Spann,
,33,82,486,STEVE,Pentangle,Cruel Sister,
,33,82,487,STEVE,Pentangle,History Book,
,33,82,485,STEVE,Pentangle,Pentangle,
,33,75,314,SOLD,Peter Green,End of the Game,
,33,80,447,STEVE,Peter Green,In The Skies,
,33,82,481,SOLD,Peter Green,Little Dreamer,
,33,76,344,LP,Phil Lesh,Seastones,
,33,75,335,LP,Pink Floyd,A Nice Pair,2
,77,77,380,CD,Pink Floyd,Animals,
,73,77,391,CD,Pink Floyd,Dark Side of the Moon,
,71,75,334,CD,Pink Floyd,Meddle,
,72,76,358,CD,Pink Floyd,Obscured By Clouds,
,79,82,476,SOLD,Pink Floyd,The Wall,2
,69,76,348,CD,Pink Floyd,Umma Gumma,2
,75,76,347,SOLD,Pink Floyd,Wish You Were Here,
,33,74,281,SOLD,Quicksilver,Happy Trails,
,33,75,316,LP,Quicksilver,Quicksilver,
,33,82,483,FOLK,Ralph Stanley,Live at McClure VA,2
,33,79,423,KEEP,Renaissance,Live at Carnegie Hall,2
,33,80,433,FOLK,Richard Greene,Rambling,
,33,81,467,LITZ,Robbie Krieger,Butts Band,
,33,81,453,KEEP,Robert Hunter,Jack of Roses,
,33,76,360,LP,Robert Hunter,Rum Runners,
,33,71,085,GONE,Rod Stewart,Every Picture,
,33,71,093,SOLD,Rod Stewart,Faces Long Player,
,33,72,128,SOLD,Rod Stewart,First Steps,
,33,71,092,SOLD,Rod Stewart,Gasoline Alley,
,33,72,144,SOLD,Rod Stewart,Never a Dull Moment,
,33,72,143,SOLD,Rod Stewart,Nod as Good as Wink,
,33,71,086,SOLD,Rod Stewart,Rod Stewart,
,33,73,176,SOLD,Roy Buchanan,Roy Buchanan,
,33,72,117,CD,Roy Buchanan,Snake Stretchers,
,33,79,420,LP,Ruppert Chapelle,Ozone Music,
,33,72,145,LITZ,Ry Cooder,Into the Purple Valley,
,33,77,389,FOLK,Sam Bush,Blake Taylor Bush Vassar,
,70,75,330,NEXT,Santana,Abraxas,
,74,74,300,NEXT,Santana,Borboletta,
,72,76,350,NEXT,Santana,Caravanserai,
,33,75,329,NEXT,Santana,Love Devotion Surrender,
,69,77,374,NEXT,Santana,Santana,
,73,75,331,NEXT,Santana,Welcome,
,71,83,507,LP,Seatrain,Marblehead Messenger,
,70,83,506,LP,Seatrain,Seatrain,
,72,82,491,FOLK,Seldom Scene,Act 1,
,73,82,492,FOLK,Seldom Scene,Act 2,
,74,82,493,FOLK,Seldom Scene,Act 3,
,79,82,494,FOLK,Seldom Scene,Act 4,
,81,82,495,FOLK,Seldom Scene,After Midnight,
,83,83,511,FOLK,Seldom Scene,At the Scene,
,75,76,363,FOLK,Seldom Scene,Live at the Cellar Door,2
,74,77,388,FOLK,Seldom Scene,Old Train,
,71,79,422,BLUES,Shuggie Otis,Freedom Flight,
,70,75,320,BLUES,Shuggie Otis,Here Comes,
,33,75,319,BLUES,Slim Green,Stone Down Blues Guitar,
,69,69,015,GONE,Sly Stone,Stand,
,33,75,339,BLUES,Sonny Boy Williamson,Sonny Boy Williamson,
,33,72,142,NEXT,Soundtrack,Performance,
,33,70,048,SOLD,Soundtrack,Woodstock,3
,73,82,472,SOLD,Springsteen,Asbury Park,
,75,82,474,SOLD,Springsteen,Born to Run,
,78,82,475,SOLD,Springsteen,Darkness on the Edge of Town,
,73,82,473,SOLD,Springsteen,E St Shuffle,
,77,82,504,CD,Steely Dan,AJA,
,75,82,502,CD,Steely Dan,Katy Lied,
,74,82,503,CD,Steely Dan,Pretzel Logic,
,33,69,036,SOLD,Steppenwolf,Early,
,33,69,035,GONE,Steppenwolf,Monster,
,33,79,427,LITZ,Steve Howe,Beginnings,
,72,73,174,LITZ,Steve Stills,Manassas,2
,71,72,113,LITZ,Steve Stills,Steve Stills Two,
,70,70,066,LITZ,Steve Stills,Steve Stills,
,72,72,102,LP,Steve Winwood,Winwood,2
,64,72,136,SOLD,Stones,12x5,
,66,69,018,CC,Stones,Aftermath,
,69,70,056,CC,Stones,Beggars Banquet,
,67,72,140,SOLD,Stones,Between the Buttons,
,65,72,139,SOLD,Stones,Decembers Children,
,72,72,126,CC,Stones,Exile on Main Street,2
,67,69,020,SOLD,Stones,Flowers,
,70,70,070,SOLD,Stones,Get Your Ya Yas Out,
,73,73,216,SOLD,Stones,Goats Head Soup,
,66,72,141,SOLD,Stones,Got Live If You Want It,
,66,69,025,SOLD,Stones,High Tide and Green Grass,
,74,74,291,SOLD,Stones,Its Only Rock and Roll,
,69,69,024,CC,Stones,Let it Bleed,
,70,72,097,SOLD,Stones,Liver Than Youll Ever Be,
,75,83,518,SOLD,Stones,Metamorphosis,75 BAD
,72,73,164,SOLD,Stones,More Hot Rocks,2
,65,72,137,CC,Stones,Now,
,65,72,138,SOLD,Stones,Out of Our Heads,
,67,69,019,CC,Stones,Satanic Majesty,
,78,83,517,SOLD,Stones,Some Girls,
,71,71,071,CC,Stones,Sticky Fingers,
,64,72,135,SOLD,Stones,The Rolling Stones,
,69,69,009,GONE,Stones,Thru the Past Darkly,
,33,83,519,SOLD,Talking Heads,Remain In Light,
,33,74,288,BLUES,Tbone Walker,Dirty Mistreater,
,33,76,359,LP,The Section,The Section,
,70,72,153,LP,Traffic,John Barleycorn,
,71,73,183,LITZ,Traffic,Low Spark,
,73,73,182,LITZ,Traffic,On The Road,
,33,82,499,FOLK,US Senator Robert Byrd,US Senator Robert Byrd,
,33,77,376,SOLD,Van Morrison,Best Of,
,33,77,392,SOLD,Van Morrison,Tupelo Honey,
,33,74,298,BLUES,Various,A Taste of Bluesway,
,33,73,230,BLUES,Various,Best of the Chicago Blues,2
,33,82,489,FOLK,Various,Bluegrass Greatest Show,2
,33,75,324,STEVE,Various,British Blues Archive 1,
,33,75,325,STEVE,Various,British Blues Archive 2,
,33,75,326,STEVE,Various,British Blues Archive 3,
,33,75,327,STEVE,Various,British Blues Archive 4,
,33,74,266,BLUES,Various,Chicago Blues Anthology,2
,69,69,014,GONE,Various,Easy Rider,
,33,80,439,JAZZ,Various,Fifty Years Jazz Guitar,2
,33,75,318,BLUES,Various,Gasoline,
,33,80,435,FOLK,Various,Greatest Bluegrass Bands,2
,33,80,441,JAZZ,Various,Greatest Jazz Concert Ever,2
,33,80,437,FOLK,Various,Old Timey Bluegrass Concert,2
,33,74,282,BLUES,Various,Steel Yard Blues,
,33,87,530,GONE,Various,THE END,
,33,74,258,BLUES,Various,The Blues,
,33,73,232,BLUES,Various,The Great Blues Men,2
,33,74,263,BLUES,Various,Underground Blues,
,65,71,091,BLUES,Various,Whats Shaking,
,33,73,171,LP,Various,Woodstock 2,2
,70,71,082,CD,Who,Live at Leeds,
,67,70,045,CC,Who,Sell Out,
,69,69,022,CD,Who,Tommy,2
,71,71,083,SOLD,Who,Whos Next,
,67,73,224,SOLD,Yardbirds,Greatest Hits,
,72,79,416,CD,Yes,Close To The Edge,
,71,77,383,CD,Yes,Fragile,
,71,75,332,CD,Yes,The Yes Album,
,78,80,448,LITZ,Yes,Tormato,
,75,77,384,LITZ,Yes,Yesterdays,
,69,76,342,NEXT,Youngbloods,Elephant Mountain,
,71,74,274,SOLD,Youngbloods,Good and Dusty,
,73,73,237,LITZ,Youngbloods,Song for Juli,
,72,81,462,SOLD,Youngbloods,This Is The,2
,79,79,409,SOLD,Zappa,Sleep Dirt,
